<?xml version="1.0" encoding="UTF-8"?>
<project version="4">
  <component name="ChangeListManager">
    <list default="true" id="30b01659-96dc-4d95-9ea9-7b7ad4edf507" name="Changes" comment="">
      <change afterPath="$PROJECT_DIR$/Segment2/Week3/211123Tue/hw/hw.html" afterDir="false" />
      <change afterPath="$PROJECT_DIR$/Segment2/Week3/211123Tue/hw/hw6.html" afterDir="false" />
      <change afterPath="$PROJECT_DIR$/Segment2/Week3/211123Tue/hwPro/循环进阶.html" afterDir="false" />
      <change beforePath="$PROJECT_DIR$/Segment2/Week3/211122Mon/hwPro_商品增删改查/index.html" beforeDir="false" afterPath="$PROJECT_DIR$/Segment2/Week3/211122Mon/hwPro_商品增删改查/index.html" afterDir="false" />
      <change beforePath="$PROJECT_DIR$/Segment2/Week3/211122Mon/中午作业.html" beforeDir="false" afterPath="$PROJECT_DIR$/Segment2/Week3/211122Mon/中午作业.html" afterDir="false" />
    </list>
    <option name="SHOW_DIALOG" value="false" />
    <option name="HIGHLIGHT_CONFLICTS" value="true" />
    <option name="HIGHLIGHT_NON_ACTIVE_CHANGELIST" value="false" />
    <option name="LAST_RESOLUTION" value="IGNORE" />
  </component>
  <component name="FileTemplateManagerImpl">
    <option name="RECENT_TEMPLATES">
      <list>
        <option value="HTML File" />
      </list>
    </option>
  </component>
  <component name="Git.Settings">
    <option name="RECENT_GIT_ROOT_PATH" value="$PROJECT_DIR$" />
  </component>
  <component name="HighlightingSettingsPerFile">
    <setting file="file://$PROJECT_DIR$/Segment2/Week3/211122Mon/hw/h1.html" root0="FORCE_HIGHLIGHTING" />
  </component>
  <component name="ProjectId" id="21IkpNLGQrhhiFFYW1vq9AZhApd" />
  <component name="ProjectLevelVcsManager">
    <ConfirmationsSetting value="2" id="Add" />
  </component>
  <component name="ProjectViewState">
    <option name="hideEmptyMiddlePackages" value="true" />
    <option name="showLibraryContents" value="true" />
  </component>
  <component name="PropertiesComponent">
    <property name="ASKED_ADD_EXTERNAL_FILES" value="true" />
    <property name="DefaultHtmlFileTemplate" value="HTML File" />
    <property name="RunOnceActivity.OpenProjectViewOnStart" value="true" />
    <property name="RunOnceActivity.ShowReadmeOnStart" value="true" />
    <property name="WebServerToolWindowFactoryState" value="false" />
    <property name="last_opened_file_path" value="$PROJECT_DIR$" />
    <property name="settings.editor.selected.configurable" value="preferences.keymap" />
    <property name="vue.rearranger.settings.migration" value="true" />
  </component>
  <component name="ReaderModeSettings">
    <option name="showLigatures" value="false" />
  </component>
  <component name="SpellCheckerSettings" RuntimeDictionaries="0" Folders="0" CustomDictionaries="0" DefaultDictionary="application-level" UseSingleDictionary="true" transferred="true" />
  <component name="TaskManager">
    <task active="true" id="Default" summary="Default task">
      <changelist id="30b01659-96dc-4d95-9ea9-7b7ad4edf507" name="Changes" comment="" />
      <created>1637636172494</created>
      <option name="number" value="Default" />
      <option name="presentableId" value="Default" />
      <updated>1637636172494</updated>
      <workItem from="1637636174273" duration="693000" />
      <workItem from="1637636884691" duration="3174000" />
      <workItem from="1637640135260" duration="1622000" />
      <workItem from="1637642475746" duration="1761000" />
      <workItem from="1637648260214" duration="331000" />
      <workItem from="1637648605662" duration="687000" />
      <workItem from="1637649304812" duration="10077000" />
    </task>
    <task id="LOCAL-00001" summary="使用webstorm工具">
      <created>1637647561217</created>
      <option name="number" value="00001" />
      <option name="presentableId" value="LOCAL-00001" />
      <option name="project" value="LOCAL" />
      <updated>1637647561218</updated>
    </task>
    <option name="localTasksCounter" value="2" />
    <servers />
  </component>
  <component name="TypeScriptGeneratedFilesManager">
    <option name="version" value="3" />
  </component>
  <component name="VcsManagerConfiguration">
    <option name="ADD_EXTERNAL_FILES_SILENTLY" value="true" />
    <MESSAGE value="使用webstorm工具" />
    <option name="LAST_COMMIT_MESSAGE" value="使用webstorm工具" />
  </component>
  <component name="XSLT-Support.FileAssociations.UIState">
    <expand />
    <select />
  </component>
</project>