<?xml version="1.0" encoding="UTF-8" ?>
<!DOCTYPE mapper
PUBLIC "-//mybatis.org//DTD Mapper 3.0//EN"
"http://mybatis.org/dtd/mybatis-3-mapper.dtd">
<mapper namespace="com.woniu.cinema.mapper.ActorMapper">
    
    <resultMap type="Actor" id="ActorResult">
        <result property="actorId"    column="actor_id"    />
        <result property="actorName"    column="actor_name"    />
        <result property="actorImg"    column="actor_img"    />
    </resultMap>

    <sql id="selectActorVo">
        select actor_id, actor_name, actor_img from tb_actor
    </sql>

    <select id="selectActorList" parameterType="Actor" resultMap="ActorResult">
        <include refid="selectActorVo"/>
        <where>  
            <if test="actorName != null  and actorName != ''"> and actor_name like concat('%', #{actorName}, '%')</if>
        </where>
    </select>
    
    <select id="selectActorById" parameterType="Long" resultMap="ActorResult">
        <include refid="selectActorVo"/>
        where actor_id = #{actorId}
    </select>
        
    <insert id="insertActor" parameterType="Actor" useGeneratedKeys="true" keyProperty="actorId">
        insert into tb_actor
        <trim prefix="(" suffix=")" suffixOverrides=",">
            <if test="actorName != null">actor_name,</if>
            <if test="actorImg != null">actor_img,</if>
         </trim>
        <trim prefix="values (" suffix=")" suffixOverrides=",">
            <if test="actorName != null">#{actorName},</if>
            <if test="actorImg != null">#{actorImg},</if>
         </trim>
    </insert>

    <update id="updateActor" parameterType="Actor">
        update tb_actor
        <trim prefix="SET" suffixOverrides=",">
            <if test="actorName != null">actor_name = #{actorName},</if>
            <if test="actorImg != null">actor_img = #{actorImg},</if>
        </trim>
        where actor_id = #{actorId}
    </update>

    <delete id="deleteActorById" parameterType="Long">
        delete from tb_actor where actor_id = #{actorId}
    </delete>

    <delete id="deleteActorByIds" parameterType="String">
        delete from tb_actor where actor_id in 
        <foreach item="actorId" collection="array" open="(" separator="," close=")">
            #{actorId}
        </foreach>
    </delete>
    
</mapper>